<?xml version="1.0" encoding="UTF-8"?>
<beans xmlns="http://www.springframework.org/schema/beans"
	xmlns:xsi="http://www.w3.org/2001/XMLSchema-instance" 
	xmlns:context="http://www.springframework.org/schema/context"
	xmlns:aop="http://www.springframework.org/schema/aop" 
	xmlns:mvc="http://www.springframework.org/schema/mvc" 
	xmlns:p="http://www.springframework.org/schema/p"
	xmlns:tx="http://www.springframework.org/schema/tx" 
	xmlns:cloud="http://www.springframework.org/schema/cloud"
	xsi:schemaLocation="http://www.springframework.org/schema/cloud 
	http://www.springframework.org/schema/cloud/spring-cloud-0.1.xsd
		http://www.springframework.org/schema/mvc 
		http://www.springframework.org/schema/mvc/spring-mvc-3.0.xsd
		http://www.springframework.org/schema/beans 
		http://www.springframework.org/schema/beans/spring-beans-3.1.xsd
		http://www.springframework.org/schema/context 
		http://www.springframework.org/schema/context/spring-context-3.1.xsd
		http://www.springframework.org/schema/aop         
        http://www.springframework.org/schema/aop/spring-aop-3.0.xsd
		http://www.springframework.org/schema/tx 
		http://www.springframework.org/schema/tx/spring-tx-3.1.xsd">

	<context:component-scan base-package="org.capgemini" />
	<mvc:annotation-driven />
	<context:annotation-config />

	<bean id="viewResolver"
		class="org.springframework.web.servlet.view.InternalResourceViewResolver">
		<property name="viewClass"
			value="org.springframework.web.servlet.view.JstlView" />
		<property name="prefix" value="/WEB-INF/pages/" />
		<property name="suffix" value=".jsp" />
	</bean>

	<bean id="propertyConfigurer"
		class="org.springframework.beans.factory.config.PropertyPlaceholderConfigurer"
		p:location="/WEB-INF/jdbc1.properties" />

	<bean id="dataSource" class="org.apache.commons.dbcp.BasicDataSource"
		destroy-method="close" p:driverClassName="${jdbc.driverClassName}"
		p:url="${jdbc.databaseurl}" p:username="${jdbc.username}" p:password="${jdbc.password}" />


	<bean id="loginDelegate" class="org.capgemini.delegate.LoginDelegate">
		<property name="userService" ref="userService" />
	</bean>
	<bean id="userService" class="org.capgemini.service.UserServiceImpl">
		<property name="userDao" ref="userDao" />
	</bean>
	<bean name="userDao" class="org.capgemini.dao.UserDaoImpl">
		<property name="dataSource" ref="dataSource" />
	</bean>





	<bean id="sessionFactory"
		class="org.springframework.orm.hibernate3.LocalSessionFactoryBean">
		<property name="dataSource" ref="dataSource" />
		<property name="configLocation">
			<value>classpath:hibernate.cfg.xml</value>
		</property>
		<property name="configurationClass">
			<value>org.hibernate.cfg.AnnotationConfiguration</value>
		</property>
		<property name="hibernateProperties">
			<props>
				<prop key="hibernate.dialect">${jdbc.dialect}</prop>
				<prop key="hibernate.show_sql">true</prop>
				<prop key="hibernate.hbm2ddl.auto">update</prop>
			</props>
		</property>
	</bean>

	<!-- For AOP Logging -->


	<aop:aspectj-autoproxy />


	<tx:annotation-driven />

	<bean id="transactionManager"
		class="org.springframework.orm.hibernate3.HibernateTransactionManager">
		<property name="sessionFactory" ref="sessionFactory" />
	</bean>

	<mvc:annotation-driven />



	<mvc:resources location="/images/" mapping="/images/**" />
	<mvc:resources location="/css/" mapping="/css/**" />
	<mvc:resources location="/script/" mapping="/script/**" />

</beans>
