<?xml version='1.0' encoding='utf-8'?>
<!DOCTYPE hibernate-configuration PUBLIC
        "-//Hibernate/Hibernate Configuration DTD 3.0//EN"
        "http://hibernate.sourceforge.net/hibernate-configuration-3.0.dtd">

<hibernate-configuration>

     <session-factory>

     <mapping class="com.bme.pojo.Rating" />
     
    <!--  event module mapping -->
     <mapping class="com.bme.pojo.Event" />
      <mapping class="com.bme.pojo.Venue" />
        <mapping class="com.bme.pojo.Performer" />
          <mapping class="com.bme.pojo.Organiser" />
            <mapping class="com.bme.pojo.Capacity" />
              <mapping class="com.bme.pojo.Category" />
                <mapping class="com.bme.pojo.Price" />
                 
 
     
     
  
    </session-factory>

</hibernate-configuration>

